Workbook

Sheet Sheet1
A1: Product ID | B1: Product | C1: Price
A2: 101 | B2: Product A | C2: 120
A3: 102 | B3: Product B | C3: 150
A4: 103 | B4: Product C | C4: 200
A5: 104 | B5: Product D | C5: 90
A6: 105 | B6: Product E | C6: 220
A7: 106 | B7: Product F | C7: 130
A8: 108 | B8: product h | C8: 110

Sheet Sheet2
A1: Order ID | B1: Product ID | C1: Quantity
A2: 1 | B2: 101 | C2: 2
A3: 2 | B3: 103 | C3: 1 | F3: {=VLOOKUP(A3,A2:C7,{2,3},0)} -> 103 | G3: 1 | I3: Product | J3: Price | K3: Total Price | M3: Discount | N3: Total Price | Q3: Max Order Value
A4: 3 | B4: 105 | C4: 4 | I4: =VLOOKUP(B2,Sheet1!$A$1:$C$8,2,0) -> Product A | J4: =VLOOKUP(B2,[1]Sheet6!$A$1:$C$7,3,0) -> 120 | K4: =PRODUCT(C2*J4) -> 240 | M4: =J4-(J4*10%) -> 108 | N4: =M4*C2 -> 216 | Q4: =MAX(K4:K9) -> 880
A5: 4 | B5: 106 | C5: 3 | I5: =VLOOKUP(B3,Sheet1!$A$1:$C$8,2,0) -> Product C | J5: =VLOOKUP(B3,[1]Sheet6!$A$1:$C$7,3,0) -> 200 | K5: =PRODUCT(C3*J5) -> 200 | M5: =J5-(J5*10%) -> 180 | N5: =M5*C3 -> 180
A6: 5 | B6: 102 | C6: 5 | I6: =VLOOKUP(B4,Sheet1!$A$1:$C$8,2,0) -> Product E | J6: =VLOOKUP(B4,[1]Sheet6!$A$1:$C$7,3,0) -> 220 | K6: =PRODUCT(C4*J6) -> 880 | M6: =J6-(J6*10%) -> 198 | N6: =M6*C4 -> 792
A7: 6 | B7: 104 | C7: 6 | I7: =VLOOKUP(B5,Sheet1!$A$1:$C$8,2,0) -> Product F | J7: =VLOOKUP(B5,[1]Sheet6!$A$1:$C$7,3,0) -> 130 | K7: =PRODUCT(C5*J7) -> 390 | M7: =J7-(J7*10%) -> 117 | N7: =M7*C5 -> 351
A8: 7 | B8: 107 | G8: Availability | I8: =VLOOKUP(B6,Sheet1!$A$1:$C$8,2,0) -> Product B | J8: =VLOOKUP(B6,[1]Sheet6!$A$1:$C$7,3,0) -> 150 | K8: =PRODUCT(C6*J8) -> 750 | M8: =J8-(J8*10%) -> 135 | N8: =M8*C6 -> 675
G9: =IF(ISNA(VLOOKUP(B2,B1:D7,3,0)),"not found","found") -> found | I9: =VLOOKUP(B7,Sheet1!$A$1:$C$8,2,0) -> Product D | J9: =VLOOKUP(B7,[1]Sheet6!$A$1:$C$7,3,0) -> 90 | K9: =PRODUCT(C7*J9) -> 540 | M9: =J9-(J9*10%) -> 81 | N9: =M9*C7 -> 486
G10: =IF(ISNA(VLOOKUP(B3,B2:D8,3,0)),"not found","found") -> found | I10: =VLOOKUP(B8,Sheet1!$A$1:$C$8,2,0) -> #N/A
G11: =IF(ISNA(VLOOKUP(B4,B3:D9,3,0)),"not found","found") -> found
G12: =IF(ISNA(VLOOKUP(B5,B4:D10,3,0)),"not found","found") -> found
G13: =IF(ISNA(VLOOKUP(B6,B5:D10,3,0)),"not found","found") -> found | L13: =ISNA(VLOOKUP(B2,B1:D7,3,0)) -> FALSE
G14: =IF(ISNA(VLOOKUP(B7,B6:D10,3,0)),"not found","found") -> found | L14: =ISNA(VLOOKUP(B3,B2:D8,3,0)) -> FALSE
G15: =IF(ISNA(VLOOKUP(B8,B7:D10,3,0)),"not found","found") -> found | L15: =ISNA(VLOOKUP(B4,B3:D9,3,0)) -> FALSE
L16: =ISNA(VLOOKUP(B5,B4:D10,3,0)) -> FALSE
L17: =ISNA(VLOOKUP(B6,B5:D10,3,0)) -> FALSE
L18: =ISNA(VLOOKUP(B7,B6:D10,3,0)) -> FALSE
L19: =ISNA(VLOOKUP(B8,B7:D10,3,0)) -> FALSE
