Workbook

Sheet Sheet1
A1: ProductID | B1: Product | C1: Price | D1: Ordered/Not | E1: Quantity Sold
A2: 101 | B2: Product A | C2: 120 | D2: =IF(ISNA(VLOOKUP(A2,Sheet2!$B$1:$C$9,2,0)),"not ordered","ordered") -> ordered | E2: =SUMIF(Sheet2!$B$2:$B$9,Sheet1!A2,Sheet2!$C$2:$C$9) -> 2
A3: 102 | B3: Product B | C3: 150 | D3: =IF(ISNA(VLOOKUP(A3,Sheet2!$B$1:$C$9,2,0)),"not ordered","ordered") -> ordered | E3: =SUMIF(Sheet2!$B$2:$B$9,Sheet1!A3,Sheet2!$C$2:$C$9) -> 5
A4: 103 | B4: Product C | C4: 200 | D4: =IF(ISNA(VLOOKUP(A4,Sheet2!$B$1:$C$9,2,0)),"not ordered","ordered") -> ordered | E4: =SUMIF(Sheet2!$B$2:$B$9,Sheet1!A4,Sheet2!$C$2:$C$9) -> 1
A5: 104 | B5: Product D | C5: 90 | D5: =IF(ISNA(VLOOKUP(A5,Sheet2!$B$1:$C$9,2,0)),"not ordered","ordered") -> ordered | E5: =SUMIF(Sheet2!$B$2:$B$9,Sheet1!A5,Sheet2!$C$2:$C$9) -> 6
A6: 105 | B6: Product E | C6: 220 | D6: =IF(ISNA(VLOOKUP(A6,Sheet2!$B$1:$C$9,2,0)),"not ordered","ordered") -> ordered | E6: =SUMIF(Sheet2!$B$2:$B$9,Sheet1!A6,Sheet2!$C$2:$C$9) -> 8
A7: 106 | B7: Product F | C7: 130 | D7: =IF(ISNA(VLOOKUP(A7,Sheet2!$B$1:$C$9,2,0)),"not ordered","ordered") -> ordered | E7: =SUMIF(Sheet2!$B$2:$B$9,Sheet1!A7,Sheet2!$C$2:$C$9) -> 3
A8: 107 | B8: Product G | C8: 180 | D8: =IF(ISNA(VLOOKUP(A8,Sheet2!$B$1:$C$9,2,0)),"not ordered","ordered") -> ordered | E8: =SUMIF(Sheet2!$B$2:$B$9,Sheet1!A8,Sheet2!$C$2:$C$9) -> 1
A9: 108 | B9: Product H | C9: 210 | D9: =IF(ISNA(VLOOKUP(A9,Sheet2!$B$1:$C$9,2,0)),"not ordered","ordered") -> not ordered | E9: =SUMIF(Sheet2!$B$2:$B$9,Sheet1!A9,Sheet2!$C$2:$C$9) -> 0

Sheet Sheet2
A1: OrderID | B1: ProductID | C1: Quantity | E1: Questions:
A2: 1 | B2: 101 | C2: 2 | E2: 1. Use VLOOKUP to find the product names for each ProductID in the Orders worksheet.
A3: 2 | B3: 103 | C3: 1 | E3: 2. Use VLOOKUP to find the price for each ProductID in the Orders worksheet, then calculate the TotalPrice by multiplying the Quantity by the Product Price.
A4: 3 | B4: 105 | C4: 4 | E4: 3. Use VLOOKUP to check if there are any ProductIDs in the Orders worksheet that do not exist in the Products worksheet.
A5: 4 | B5: 106 | C5: 3 | E5: 4. Assume a discount of 10% is given on all products. Use VLOOKUP to find the original price and then calculate the discounted price.
A6: 5 | B6: 102 | C6: 5 | E6: 5. Use VLOOKUP to find the price for each ProductID and then calculate the order value. Find the maximum order value from the list.
A7: 6 | B7: 104 | C7: 6 | E7: 6. Use VLOOKUP to find out which products from the Products worksheet have not been ordered.
A8: 7 | B8: 107 | C8: 1 | E8: 7. Use VLOOKUP to find the Product name and summarize the total quantity sold for each product.
A9: 8 | B9: 105 | C9: 4
A11: OrderID | B11: ProductID | C11: Quantity | D11: Product | E11: Price | F11: TotalPrice | G11: Availibity | H11: Discount | I11: TotalPrice1 | J11: Max Value
A12: 1 | B12: 101 | C12: 2 | D12: =VLOOKUP(B2,Sheet1!$A$1:$C$9,2,0) -> Product A | E12: =VLOOKUP(B2,Sheet1!$A$1:$C$9,3,0) -> 120 | F12: =PRODUCT(E12*C2) -> 240 | G12: =IF(ISNA(VLOOKUP(B2,Sheet1!$A$1:$C$9,2,0)),"not found","found") -> found | H12: =E12-(E12*10%) -> 108 | I12: =PRODUCT(H12*C2) -> 216 | J12: =MAX(F12:F17) -> 880
A13: 2 | B13: 103 | C13: 1 | D13: =VLOOKUP(B3,Sheet1!$A$1:$C$9,2,0) -> Product C | E13: =VLOOKUP(B3,Sheet1!$A$1:$C$9,3,0) -> 200 | F13: =PRODUCT(E13*C3) -> 200 | G13: =IF(ISNA(VLOOKUP(B3,Sheet1!$A$1:$C$9,2,0)),"not found","found") -> found | H13: =E13-(E13*10%) -> 180 | I13: =PRODUCT(H13*C3) -> 180
A14: 3 | B14: 105 | C14: 4 | D14: =VLOOKUP(B4,Sheet1!$A$1:$C$9,2,0) -> Product E | E14: =VLOOKUP(B4,Sheet1!$A$1:$C$9,3,0) -> 220 | F14: =PRODUCT(E14*C4) -> 880 | G14: =IF(ISNA(VLOOKUP(B4,Sheet1!$A$1:$C$9,2,0)),"not found","found") -> found | H14: =E14-(E14*10%) -> 198 | I14: =PRODUCT(H14*C4) -> 792
A15: 4 | B15: 106 | C15: 3 | D15: =VLOOKUP(B5,Sheet1!$A$1:$C$9,2,0) -> Product F | E15: =VLOOKUP(B5,Sheet1!$A$1:$C$9,3,0) -> 130 | F15: =PRODUCT(E15*C5) -> 390 | G15: =IF(ISNA(VLOOKUP(B5,Sheet1!$A$1:$C$9,2,0)),"not found","found") -> found | H15: =E15-(E15*10%) -> 117 | I15: =PRODUCT(H15*C5) -> 351
A16: 5 | B16: 102 | C16: 5 | D16: =VLOOKUP(B6,Sheet1!$A$1:$C$9,2,0) -> Product B | E16: =VLOOKUP(B6,Sheet1!$A$1:$C$9,3,0) -> 150 | F16: =PRODUCT(E16*C6) -> 750 | G16: =IF(ISNA(VLOOKUP(B6,Sheet1!$A$1:$C$9,2,0)),"not found","found") -> found | H16: =E16-(E16*10%) -> 135 | I16: =PRODUCT(H16*C6) -> 675
A17: 6 | B17: 104 | C17: 6 | D17: =VLOOKUP(B7,Sheet1!$A$1:$C$9,2,0) -> Product D | E17: =VLOOKUP(B7,Sheet1!$A$1:$C$9,3,0) -> 90 | F17: =PRODUCT(E17*C7) -> 540 | G17: =IF(ISNA(VLOOKUP(B7,Sheet1!$A$1:$C$9,2,0)),"not found","found") -> found | H17: =E17-(E17*10%) -> 81 | I17: =PRODUCT(H17*C7) -> 486
A18: 7 | B18: 107 | C18: 1 | D18: =VLOOKUP(B8,Sheet1!$A$1:$C$9,2,0) -> Product G | E18: =VLOOKUP(B8,Sheet1!$A$1:$C$9,3,0) -> 180 | F18: =PRODUCT(E18*C8) -> 180 | G18: =IF(ISNA(VLOOKUP(B8,Sheet1!$A$1:$C$9,2,0)),"not found","found") -> found | H18: =E18-(E18*10%) -> 162 | I18: =PRODUCT(H18*C8) -> 162
A19: 8 | B19: 105 | C19: 4 | D19: =VLOOKUP(B9,Sheet1!$A$1:$C$9,2,0) -> Product E | E19: =VLOOKUP(B9,Sheet1!$A$1:$C$9,3,0) -> 220 | F19: =PRODUCT(E19*C9) -> 880 | G19: =IF(ISNA(VLOOKUP(B9,Sheet1!$A$1:$C$9,2,0)),"not found","found") -> found | H19: =E19-(E19*10%) -> 198 | I19: =PRODUCT(H19*C9) -> 792
